USE SmartParkingLotSystem;
--1. STAFFS
SET IDENTITY_INSERT staffs ON;
INSERT INTO staffs (id, username, password, fullname, phone_number, role) VALUES
(1, 'admin', '123', 'Nguyen Van A', '0901000001', 1),
(2, 'employee', '123', 'Nguyen Van B', '0901000002', 2),
(3, 'tuan', '123', 'Nguyen Vo Quoc Tuan', '0901000002', 1),
(4, 'chi', '123', 'Do Thi Kim Chi', '0901000003', 1),
(5, 'hoang', '123', 'Phan Ba Huy Hoang', '0901000003', 2),
(6, 'tri', '123', 'Nguyen Minh Tri', '0901000003', 2);
SET IDENTITY_INSERT staffs OFF;


SET IDENTITY_INSERT vehicles ON;
INSERT INTO vehicles (id, vehicle_type, plate_number, created_at) VALUES
(1,'xe máy','59T112345','2025-01-05'),
(2,'xe máy điện','59D298765','2025-01-12'),
(3,'xe đạp điện','50M134567','2025-01-20'),
(4,'xe máy','43B145678','2025-02-02'),
(5,'xe máy điện','60F256789','2025-02-10'),
(6,'xe đạp điện','51S312345','2025-02-18'),
(7,'xe máy','29C167890','2025-03-03'),
(8,'xe máy điện','30H298123','2025-03-11'),
(9,'xe đạp điện','34P145612','2025-03-19'),
(10,'xe máy','65A112233','2025-04-01'),
(11,'xe máy điện','66D223344','2025-04-09'),
(12,'xe đạp điện','67M334455','2025-04-17'),
(13,'xe máy','68F445566','2025-05-05'),
(14,'xe máy điện','69S556677','2025-05-13'),
(15,'xe đạp điện','70T667788','2025-05-21'),
(16,'xe máy','71B778899','2025-06-02'),
(17,'xe máy điện','72C889900','2025-06-10'),
(18,'xe đạp điện','73H990011','2025-06-18'),
(19,'xe máy','74K101112','2025-07-04'),
(20,'xe máy điện','75L121314','2025-07-12');
SET IDENTITY_INSERT vehicles OFF;


SET IDENTITY_INSERT customers ON;
INSERT INTO customers (id, full_name, phone_number, email, created_at) VALUES
(1,N'Nguyễn Văn An','0901234561','a1@example.com','2025-01-05'),
(2,N'Trần Thị Bình','0901234562','b2@example.com','2025-01-12'),
(3,N'Lê Văn Cường','0901234563','c3@example.com','2025-01-20'),
(4,N'Phạm Thị Dung','0901234564','d4@example.com','2025-02-02'),
(5,N'Hoàng Văn Em','0901234565','e5@example.com','2025-02-10'),
(6,N'Nguyễn Thị Fương','0901234566','f6@example.com','2025-02-18'),
(7,N'Trần Văn Giang','0901234567','g7@example.com','2025-03-03'),
(8,N'Lê Thị Hạnh','0901234568','h8@example.com','2025-03-11'),
(9,N'Phạm Văn Huy','0901234569','i9@example.com','2025-03-19'),
(10,N'Hoàng Thị Lan','0901234570','j10@example.com','2025-04-01'),
(11,N'Nguyễn Văn Khánh','0901234571','k11@example.com','2025-04-09'),
(12,N'Trần Thị Lê','0901234572','l12@example.com','2025-04-17'),
(13,N'Lê Văn Minh','0901234573','m13@example.com','2025-05-05'),
(14,N'Phạm Thị Ngọc','0901234574','n14@example.com','2025-05-13'),
(15,N'Hoàng Văn Phúc','0901234575','o15@example.com','2025-05-21'),
(16,N'Nguyễn Thị Quỳnh','0901234576','p16@example.com','2025-06-02'),
(17,N'Trần Văn Quang','0901234577','q17@example.com','2025-06-10'),
(18,N'Lê Thị Riêng','0901234578','r18@example.com','2025-06-18'),
(19,N'Phạm Văn Sơn','0901234579','s19@example.com','2025-07-04'),
(20,N'Hoàng Thị Thanh','0901234580','t20@example.com','2025-07-12'),
(21,N'Nguyễn Võ Quốc Tuấn','0911111120','23130370@st.hcmuaf.edu.vn', '2025-09-12'),
(22,N'Huy Hoàng','0911111121','23130117@st.hcmuaf.edu.vn', '2025-10-1'),
(23,N'Kim Chi','0911111122','23130030@st.hcmuaf.edu.vn','2025-09-12'),
(24,N'Minh Trí','0911111123','23130346@st.hcmuaf.edu.vn','2025-09-12');
SET IDENTITY_INSERT customers OFF;


SET IDENTITY_INSERT monthly_cards ON;
INSERT INTO monthly_cards (id, card_code, customer_id, vehicle_id, monthly_fee, start_date, expiry_date,  is_paid, is_active, created_at) VALUES
(1,'MC0001',1,1,500000,'2025-01-01','2025-01-31',1,1,'2025-01-05'),
(2,'MC0002',2,2,500000,'2025-01-01','2025-01-31',1,1,'2025-01-12'),
(3,'MC0003',3,3,400000,'2025-01-01','2025-01-31',1,1,'2025-01-20'),
(4,'MC0004',4,4,500000,'2025-02-01','2025-02-28',1,1,'2025-02-02'),
(5,'MC0005',5,5,500000,'2025-02-01','2025-02-28',0,1,'2025-02-10'),
(6,'MC0006',6,6,400000,'2025-02-01','2025-02-28',1,1,'2025-02-18'),
(7,'MC0007',7,7,500000,'2025-03-01','2025-03-31',1,1,'2025-03-03'),
(8,'MC0008',8,8,500000,'2025-03-01','2025-03-31',0,1,'2025-03-11'),
(9,'MC0009',9,9,400000,'2025-03-01','2025-03-31',1,1,'2025-03-19'),
(10,'MC0010',10,10,500000,'2025-04-01','2025-04-30',1,1,'2025-04-01'),
(11,'MC0011',11,11,500000,'2025-04-01','2025-04-30',1,1,'2025-04-09'),
(12,'MC0012',12,12,400000,'2025-04-01','2025-04-30',0,1,'2025-04-17'),
(13,'MC0013',13,13,500000,'2025-05-01','2025-05-31',1,1,'2025-05-05'),
(14,'MC0014',14,14,500000,'2025-05-01','2025-05-31',1,1,'2025-05-13'),
(15,'MC0015',15,15,400000,'2025-05-01','2025-05-31',0,1,'2025-05-21'),
(16,'MC0016',16,16,500000,'2025-06-01','2025-06-30',1,1,'2025-06-02'),
(17,'MC0017',17,17,500000,'2025-06-01','2025-06-30',1,1,'2025-06-10'),
(18,'MC0018',18,18,400000,'2025-06-01','2025-06-30',0,1,'2025-06-18'),
(19,'MC0019',19,19,500000,'2025-07-01','2025-07-31',1,1,'2025-07-04'),
(20,'MC0020',20,20,500000,'2025-07-01','2025-07-31',1,1,'2025-07-12');
SET IDENTITY_INSERT monthly_cards OFF;


SET IDENTITY_INSERT cards ON;
INSERT INTO cards (id, card_code, price, is_active, created_by, created_at)
VALUES
(1,'C0001',3000,1,1,'2025-01-05'),
(2,'C0002',3000,1,1,'2025-01-12'),
(3,'C0003',3000,1,1,'2025-01-20'),
(4,'C0004',3000,1,1,'2025-02-02'),
(5,'C0005',3000,1,1,'2025-02-10'),
(6,'C0006',3000,1,1,'2025-02-18'),
(7,'C0007',3000,1,1,'2025-03-03'),
(8,'C0008',3000,1,1,'2025-03-11'),
(9,'C0009',3000,1,1,'2025-03-19'),
(10,'C0010',3000,1,1,'2025-04-01'),
(11,'C0011',3000,1,1,'2025-04-09'),
(12,'C0012',3000,1,1,'2025-04-17'),
(13,'C0013',3000,1,1,'2025-05-05'),
(14,'C0014',3000,1,1,'2025-05-13'),
(15,'C0015',3000,1,1,'2025-05-21'),
(16,'C0016',3000,1,1,'2025-06-02'),
(17,'C0017',3000,1,1,'2025-06-10'),
(18,'C0018',3000,1,1,'2025-06-18'),
(19,'C0019',3000,1,1,'2025-07-04'),
(20,'C0020',3000,1,2,'2025-07-12');
SET IDENTITY_INSERT cards OFF;


SET IDENTITY_INSERT vehicle_cards ON;
INSERT INTO vehicle_cards (id, vehicle_id, card_id, created_at)
VALUES
(1,1,1,'2025-01-05'),
(2,2,2,'2025-01-12'),
(3,3,3,'2025-01-20'),
(4,4,4,'2025-02-02'),
(5,5,5,'2025-02-10'),
(6,6,6,'2025-02-18'),
(7,7,7,'2025-03-03'),
(8,8,8,'2025-03-11'),
(9,9,9,'2025-03-19'),
(10,10,10,'2025-04-01'),
(11,11,11,'2025-04-09'),
(12,12,12,'2025-04-17'),
(13,13,13,'2025-05-05'),
(14,14,14,'2025-05-13'),
(15,15,15,'2025-05-21'),
(16,16,16,'2025-06-02'),
(17,17,17,'2025-06-10'),
(18,18,18,'2025-06-18'),
(19,19,19,'2025-07-04'),
(20,20,20,'2025-07-12');
SET IDENTITY_INSERT vehicle_cards OFF;


SET IDENTITY_INSERT card_logs ON;
INSERT INTO card_logs (id, card_id, vehicle_id, entry_at, exit_at, fee, created_by, closed_by)
VALUES
(1,1,1,'2025-01-05 08:00','2025-01-05 10:00',3000,1,1),
(2,2,2,'2025-01-12 09:00','2025-01-12 11:00',3000,2,2),
(3,3,3,'2025-01-20 07:30','2025-01-20 09:30',3000,3,3),
(4,4,4,'2025-02-02 08:15','2025-02-02 10:15',3000,4,4),
(5,5,5,'2025-02-10 09:45','2025-02-10 11:45',3000,5,5),
(6,6,6,'2025-02-18 08:30','2025-02-18 10:30',3000,6,6),
(7,7,7,'2025-03-03 07:50','2025-03-03 09:50',3000,3,2),
(8,8,8,'2025-03-11 08:20','2025-03-11 10:20',3000,3,2),
(9,9,9,'2025-03-19 09:10','2025-03-19 11:10',3000,3,2),
(10,10,10,'2025-04-01 08:00','2025-04-01 10:00',3000,3,3),
(11,11,11,'2025-04-09 08:30','2025-04-09 10:30',3000,3,3),
(12,12,12,'2025-04-17 09:00','2025-04-17 11:00',3000,3,3),
(13,13,13,'2025-05-05 08:15','2025-05-05 10:15',3000,3,5),
(14,14,14,'2025-05-13 09:20','2025-05-13 11:20',3000,3,5),
(15,15,15,'2025-05-21 08:45','2025-05-21 10:45',3000,3,5),
(16,16,16,'2025-06-02 07:30','2025-06-02 09:30',3000,6,6),
(17,17,17,'2025-06-10 08:10','2025-06-10 10:10',3000,6,2),
(18,18,18,'2025-06-18 09:05','2025-06-18 11:05',3000,6,3),
(19,19,19,'2025-07-04 08:00','2025-07-04 10:00',3000,6,6),
(20,20,20,'2025-07-12 08:30','2025-07-12 10:30',3000,6,6);
SET IDENTITY_INSERT card_logs OFF;


SET IDENTITY_INSERT payments ON;
INSERT INTO payments (id, card_id, monthly_card_id, amount, payment_date, method, processed_by) VALUES
(1,1,NULL,5000,'2025-01-10','cash',2),
(2,2,NULL,6000,'2025-01-10','cash',2),
(3,3,NULL,7000,'2025-01-10','cash',3),
(4,4,NULL,15000,'2025-01-10','bank',3),
(5,5,NULL,15000,'2025-01-10','bank',4),
(6,NULL,1,1500000,'2025-01-01','bank',1),
(7,NULL,2,1500000,'2025-01-01','bank',1),
(8,NULL,3,1500000,'2025-01-01','bank',1),
(9,NULL,4,2500000,'2025-01-01','cash',1),
(10,NULL,5,2500000,'2025-01-01','cash',1);
SET IDENTITY_INSERT payments OFF;


SET IDENTITY_INSERT cameras ON;
INSERT INTO cameras (id, source_type, rtsp_url, file_path, description) VALUES
(1,'RTSP','rtsp://cam1','','Cổng trước'),
(2,'RTSP','rtsp://cam2','','Cổng sau'),
(3,'FILE','','video1.mp4','Bãi A'),
(4,'FILE','','video2.mp4','Bãi B'),
(5,'RTSP','rtsp://cam3','','Lầu 1'),
(6,'RTSP','rtsp://cam4','','Lầu 2'),
(7,'FILE','','video3.mp4','Khu VIP'),
(8,'RTSP','rtsp://cam5','','Kho'),
(9,'FILE','','video4.mp4','Bãi ngoài'),
(10,'RTSP','rtsp://cam6','','Cổng phụ');
SET IDENTITY_INSERT cameras OFF;

SET IDENTITY_INSERT alpr_logs ON;
INSERT INTO alpr_logs (id, camera_id, vehicle_id, image_path) VALUES
(1,1,1,'img1.jpg'),
(2,2,2,'img2.jpg'),
(3,3,3,'img3.jpg'),
(4,4,4,'img4.jpg'),
(5,5,5,'img5.jpg'),
(6,6,6,'img6.jpg'),
(7,7,7,'img7.jpg'),
(8,8,8,'img8.jpg'),
(9,9,9,'img9.jpg'),
(10,10,10,'img10.jpg');
SET IDENTITY_INSERT alpr_logs OFF;
