SET IDENTITY_INSERT customers ON;

INSERT INTO customers
(id, full_name, phone_number, email, notified, created_at, updated_at, is_active)
VALUES
(101, N'Nguyễn Văn An', '0901234561', 'an101@gmail.com', 1, '2023-03-12', '2023-03-12', 1),
(102, N'Trần Thị Bình', '0901234562', 'binh102@gmail.com', 0, '2024-02-18', '2024-02-18', 1),
(103, N'Lê Văn Cường', '0901234563', 'cuong103@gmail.com', 1, '2025-01-05', '2025-01-05', 1),
(104, N'Phạm Thị Duyên', '0901234564', 'duyen104@gmail.com', 0, '2023-03-21', '2023-03-21', 1),
(105, N'Hoàng Văn Đức', '0901234565', 'duc105@gmail.com', 1, '2024-02-02', '2024-02-02', 1),
(106, N'Vũ Thị Hạnh', '0901234566', 'hanh106@gmail.com', 0, '2025-02-14', '2025-02-14', 1),
(107, N'Đặng Văn Hòa', '0901234567', 'hoa107@gmail.com', 1, '2023-02-09', '2023-02-09', 1),
(108, N'Bùi Thị Lan', '0901234568', 'lan108@gmail.com', 0, '2024-02-28', '2024-02-28', 1),
(109, N'Phan Văn Long', '0901234569', 'long109@gmail.com', 1, '2025-01-11', '2025-01-11', 1),
(110, N'Ngô Thị Mai', '0901234570', 'mai110@gmail.com', 0, '2023-03-01', '2023-03-01', 1),
(111, N'Tạ Văn Nam', '0901234571', 'nam111@gmail.com', 1, '2024-01-19', '2024-01-19', 1),
(112, N'Dương Thị Oanh', '0901234572', 'oanh112@gmail.com', 0, '2025-02-03', '2025-02-03', 1),
(113, N'Nguyễn Văn Phúc', '0901234573', 'phuc113@gmail.com', 1, '2023-03-27', '2023-03-27', 1),
(114, N'Trịnh Thị Quỳnh', '0901234574', 'quynh114@gmail.com', 0, '2024-02-10', '2024-02-10', 1),
(115, N'Lý Văn Sơn', '0901234575', 'son115@gmail.com', 1, '2025-03-22', '2025-03-22', 1),
(116, N'Đỗ Thị Trang', '0901234576', 'trang116@gmail.com', 0, '2023-02-08', '2023-02-08', 1),
(117, N'Nguyễn Văn Tuấn', '0901234577', 'tuan117@gmail.com', 1, '2024-01-14', '2024-01-14', 1),
(118, N'Lê Thị Uyên', '0901234578', 'uyen118@gmail.com', 0, '2025-01-01', '2025-01-01', 1),
(119, N'Phạm Văn Vinh', '0901234579', 'vinh119@gmail.com', 1, '2023-02-16', '2023-02-16', 1),
(120, N'Võ Thị Xuân', '0901234580', 'xuan120@gmail.com', 0, '2024-03-05', '2024-03-05', 1),
(121, N'Huỳnh Văn Yên', '0901234581', 'yen121@gmail.com', 1, '2025-02-12', '2025-02-12', 1),
(122, N'Đinh Thị Ánh', '0901234582', 'anh122@gmail.com', 0, '2023-01-25', '2023-01-25', 1),
(123, N'Nguyễn Văn Bảo', '0901234583', 'bao123@gmail.com', 1, '2024-03-07', '2024-03-07', 1),
(124, N'Trần Thị Chi', '0901234584', 'chi124@gmail.com', 0, '2025-02-19', '2025-02-19', 1),
(125, N'Lê Văn Dũng', '0901234585', 'dung125@gmail.com', 1, '2023-01-03', '2023-01-03', 1),
(126, N'Phạm Thị Giang', '0901234586', 'giang126@gmail.com', 0, '2024-02-28', '2024-02-28', 1),
(127, N'Hoàng Văn Hải', '0901234587', 'hai127@gmail.com', 1, '2025-03-09', '2025-03-09', 1),
(128, N'Vũ Thị Khánh', '0901234588', 'khanh128@gmail.com', 0, '2023-02-20', '2023-02-20', 1),
(129, N'Ngô Văn Lâm', '0901234589', 'lam129@gmail.com', 1, '2024-02-16', '2024-02-16', 1),
(130, N'Bùi Thị Minh', '0901234590', 'minh130@gmail.com', 0, '2025-03-23', '2025-03-23', 1),
(131, N'Phan Văn Ngọc', '0901234591', 'ngoc131@gmail.com', 1, '2023-01-06', '2023-01-06', 1),
(132, N'Dương Thị Phương', '0901234592', 'phuong132@gmail.com', 0, '2024-01-29', '2024-01-29', 1),
(133, N'Tạ Văn Quân', '0901234593', 'quan133@gmail.com', 1, '2025-02-02', '2025-02-02', 1),
(134, N'Đỗ Thị Hồng', '0901234594', 'hong134@gmail.com', 0, '2023-02-15', '2023-02-15', 1),
(135, N'Nguyễn Văn Khôi', '0901234595', 'khoi135@gmail.com', 1, '2024-03-11', '2024-03-11', 1),
(136, N'Trịnh Thị Linh', '0901234596', 'linh136@gmail.com', 0, '2025-03-26', '2025-03-26', 1),
(137, N'Lý Văn Nghĩa', '0901234597', 'nghia137@gmail.com', 1, '2023-03-30', '2023-03-30', 1),
(138, N'Võ Thị Oanh', '0901234598', 'oanh138@gmail.com', 0, '2024-02-01', '2024-02-01', 1),
(139, N'Huỳnh Văn Phong', '0901234599', 'phong139@gmail.com', 1, '2025-01-17', '2025-01-17', 1),
(140, N'Đinh Thị Quyên', '0901234600', 'quyen140@gmail.com', 0, '2023-02-19', '2023-02-19', 1),
(141, N'Nguyễn Văn Sang', '0901234601', 'sang141@gmail.com', 1, '2024-03-08', '2024-03-08', 1),
(142, N'Trần Thị Thảo', '0901234602', 'thao142@gmail.com', 0, '2025-01-15', '2025-01-15', 1),
(143, N'Lê Văn Tài', '0901234603', 'tai143@gmail.com', 1, '2023-03-04', '2023-03-04', 1),
(144, N'Phạm Thị Uyên', '0901234604', 'uyen144@gmail.com', 0, '2024-02-27', '2024-02-27', 1),
(145, N'Hoàng Văn Việt', '0901234605', 'viet145@gmail.com', 1, '2025-01-30', '2025-01-30', 1),
(146, N'Vũ Thị Yến', '0901234606', 'yen146@gmail.com', 0, '2023-02-22', '2023-02-22', 1),
(147, N'Đặng Văn Trí', '0901234607', 'tri147@gmail.com', 1, '2024-01-13', '2024-01-13', 1),
(148, N'Bùi Thị Vân', '0901234608', 'van148@gmail.com', 0, '2025-03-06', '2025-03-06', 1),
(149, N'Phan Văn Xuân', '0901234609', 'xuan149@gmail.com', 1, '2023-01-28', '2023-01-28', 1),
(150, N'Ngô Thị Yến', '0901234610', 'yen150@gmail.com', 0, '2024-03-19', '2024-03-19', 1);

SET IDENTITY_INSERT customers OFF;

SET IDENTITY_INSERT vehicles ON;

INSERT INTO vehicles (id, vehicle_type, plate_number, created_at)
VALUES
(101, N'xe máy', '12A3-45678', '2024-01-01'),
(102, N'xe máy', '34B5-12345', '2024-01-02'),
(103, N'xe máy', '56C7-23456', '2024-01-03'),
(104, N'xe máy', '78D9-34567', '2024-01-04'),
(105, N'xe máy', '90E1-45678', '2024-01-05'),
(106, N'xe máy', '11F2-56789', '2024-01-06'),
(107, N'xe máy', '22G4-67890', '2024-01-07'),
(108, N'xe máy', '33H6-78901', '2024-01-08'),
(109, N'xe máy', '44K8-89012', '2024-01-09'),
(110, N'xe máy', '55L0-90123', '2024-01-10'),
(111, N'xe máy', '66M2-11223', '2024-01-11'),
(112, N'xe máy', '77N4-22334', '2024-01-12'),
(113, N'xe máy', '88P6-33445', '2024-01-13'),
(114, N'xe máy', '99Q8-44556', '2024-01-14'),
(115, N'xe máy', '10R1-55667', '2024-01-15'),
(116, N'xe máy', '21S3-66778', '2024-01-16'),
(117, N'xe máy', '32T5-77889', '2024-01-17'),
(118, N'xe máy', '43U7-88990', '2024-01-18'),
(119, N'xe máy', '54V9-99001', '2024-01-19'),
(120, N'xe máy', '65X1-10112', '2024-01-20'),
(121, N'xe máy', '76Y3-21223', '2024-01-21'),
(122, N'xe máy', '87Z5-32334', '2024-01-22'),
(123, N'xe máy', '98A7-43445', '2024-01-23'),
(124, N'xe máy', '19B9-54556', '2024-01-24'),
(125, N'xe máy', '20C1-65667', '2024-01-25'),
(126, N'xe máy', '31D3-76778', '2024-01-26'),
(127, N'xe máy', '42E5-87889', '2024-01-27'),
(128, N'xe máy', '53F7-98990', '2024-01-28'),
(129, N'xe máy', '64G9-09001', '2024-01-29'),
(130, N'xe máy', '75H1-11112', '2024-01-30'),
(131, N'xe máy', '86K3-22223', '2024-02-01'),
(132, N'xe máy', '97L5-33334', '2024-02-02'),
(133, N'xe máy', '08M7-44445', '2024-02-03'),
(134, N'xe máy', '29N9-55556', '2024-02-04'),
(135, N'xe máy', '30P1-66667', '2024-02-05'),
(136, N'xe máy', '41Q3-77778', '2024-02-06'),
(137, N'xe máy', '52R5-88889', '2024-02-07'),
(138, N'xe máy', '63S7-99990', '2024-02-08'),
(139, N'xe máy', '74T9-00001', '2024-02-09'),
(140, N'xe máy', '85U1-12121', '2024-02-10'),
(141, N'xe máy', '96V3-23232', '2024-02-11'),
(142, N'xe máy', '07X5-34343', '2024-02-12'),
(143, N'xe máy', '18Y7-45454', '2024-02-13'),
(144, N'xe máy', '39Z9-56565', '2024-02-14'),
(145, N'xe máy', '40A1-67676', '2024-02-15'),
(146, N'xe máy', '51B3-78787', '2024-02-16'),
(147, N'xe máy', '62C5-89898', '2024-02-17'),
(148, N'xe máy', '73D7-90909', '2024-02-18'),
(149, N'xe máy', '84E9-01010', '2024-02-19'),
(150, N'xe máy', '95F1-12123', '2024-02-20');

SET IDENTITY_INSERT vehicles OFF;

SET IDENTITY_INSERT monthly_cards ON;

INSERT INTO monthly_cards
(id, card_code, customer_id, vehicle_id, monthly_fee, start_date, expiry_date, is_paid, is_active, created_at, updated_at)
VALUES
(101,'MC101',101,110,60000,'2023-01-01','2023-03-31',1,1,'2023-01-01','2023-01-01'),
(102,'MC102',102,115,60000,'2023-02-01','2024-01-31',1,1,'2023-02-01','2023-02-01'),
(103,'MC103',103,120,60000,'2023-03-01','2024-02-29',1,1,'2023-03-01','2023-03-01'),
(104,'MC104',104,108,60000,'2023-01-01','2024-03-31',1,1,'2023-01-01','2023-01-01'),
(105,'MC105',105,122,60000,'2023-02-01','2024-01-30',1,1,'2023-02-01','2023-02-01'),
(106,'MC106',106,117,60000,'2023-03-01','2024-02-04',1,1,'2023-03-01','2023-03-01'),
(107,'MC107',107,103,60000,'2023-01-01','2024-03-30',1,1,'2023-01-01','2023-01-01'),
(108,'MC108',108,125,60000,'2023-02-01','2024-01-31',1,1,'2023-02-01','2023-02-01'),
(109,'MC109',109,112,60000,'2023-03-01','2024-02-24',1,1,'2023-03-01','2023-03-01'),
(110,'MC110',110,105,60000,'2023-01-01','2024-03-30',1,1,'2023-01-01','2023-01-01'),
(111,'MC111',111,119,60000,'2023-02-01','2024-01-31',1,1,'2023-02-01','2023-02-01'),
(112,'MC112',112,101,60000,'2023-03-01','2024-02-15',1,1,'2023-03-01','2023-03-01'),
(113,'MC113',113,124,60000,'2024-01-01','2024-03-31',1,1,'2024-01-01','2024-01-01'),
(114,'MC114',114,109,60000,'2024-02-01','2025-01-31',1,1,'2024-02-01','2024-02-01'),
(115,'MC115',115,118,60000,'2024-03-01','2025-02-28',1,1,'2024-03-01','2024-03-01'),
(116,'MC116',116,107,60000,'2024-01-01','2025-03-31',1,1,'2024-01-01','2024-01-01'),
(117,'MC117',117,121,60000,'2024-02-01','2025-01-30',1,1,'2024-02-01','2024-02-01'),
(118,'MC118',118,114,60000,'2024-03-01','2025-02-19',1,1,'2024-03-01','2024-03-01'),
(119,'MC119',119,102,60000,'2024-01-01','2025-03-30',1,1,'2024-01-01','2024-01-01'),
(120,'MC120',120,123,60000,'2024-02-01','2025-01-31',1,1,'2024-02-01','2024-02-01'),
(121,'MC121',121,111,60000,'2024-03-01','2025-02-11',1,1,'2024-03-01','2024-03-01'),
(122,'MC122',122,116,60000,'2024-01-01','2025-03-30',1,1,'2024-01-01','2024-01-01'),
(123,'MC123',123,104,60000,'2024-02-01','2025-01-31',1,1,'2024-02-01','2024-02-01'),
(124,'MC124',124,113,60000,'2024-03-01','2025-02-17',1,1,'2024-03-01','2024-03-01'),
(125,'MC125',125,106,60000,'2025-01-01','2025-03-31',1,1,'2025-01-01','2025-01-01'),
(126,'MC126',126,120,60000,'2025-02-01','2026-01-31',1,1,'2025-02-01','2025-02-01'),
(127,'MC127',127,115,60000,'2025-03-01','2026-02-28',1,1,'2025-03-01','2025-03-01'),
(128,'MC128',128,109,60000,'2025-01-01','2026-03-31',1,1,'2025-01-01','2025-01-01'),
(129,'MC129',129,125,60000,'2025-02-01','2026-01-30',1,1,'2025-02-01','2025-02-01'),
(130,'MC130',130,101,60000,'2025-03-01','2026-02-21',1,1,'2025-03-01','2025-03-01'),
(131,'MC131',131,112,60000,'2025-01-01','2026-03-30',1,1,'2025-01-01','2025-01-01'),
(132,'MC132',132,118,60000,'2025-02-01','2026-01-31',1,1,'2025-02-01','2025-02-01'),
(133,'MC133',133,107,60000,'2025-03-01','2026-02-17',1,1,'2025-03-01','2025-03-01'),
(134,'MC134',134,121,60000,'2025-01-01','2026-03-30',1,1,'2025-01-01','2025-01-01'),
(135,'MC135',135,103,60000,'2025-02-01','2026-01-31',1,1,'2025-02-01','2025-02-01'),
(136,'MC136',136,119,60000,'2025-03-01','2026-02-25',1,1,'2025-03-01','2025-03-01'),
(137,'MC137',137,105,60000,'2024-03-15','2025-03-14',1,1,'2024-03-15','2024-03-15'),
(138,'MC138',138,122,60000,'2024-02-20','2025-02-19',1,1,'2024-02-20','2024-02-20'),
(139,'MC139',139,114,60000,'2023-01-10','2024-01-09',1,1,'2023-01-10','2023-01-10'),
(140,'MC140',140,108,60000,'2023-02-05','2024-02-04',1,1,'2023-02-05','2023-02-05'),
(141,'MC141',141,117,60000,'2023-03-12','2024-03-11',1,1,'2023-03-12','2023-03-12'),
(142,'MC142',142,124,60000,'2023-02-18','2024-02-17',1,1,'2023-02-18','2023-02-18'),
(143,'MC143',143,110,60000,'2024-01-10','2025-01-09',1,1,'2024-01-10','2024-01-10'),
(144,'MC144',144,116,60000,'2024-02-14','2025-02-13',1,1,'2024-02-14','2024-02-14'),
(145,'MC145',145,102,60000,'2024-03-22','2025-03-21',1,1,'2024-03-22','2024-03-22'),
(146,'MC146',146,120,60000,'2024-01-18','2025-01-17',1,1,'2024-01-18','2024-01-18'),
(147,'MC147',147,109,60000,'2024-02-09','2025-02-08',1,1,'2024-02-09','2024-02-09'),
(148,'MC148',148,123,60000,'2024-03-30','2025-03-29',1,1,'2024-03-30','2024-03-30'),
(149,'MC149',149,111,60000,'2024-01-25','2025-01-24',1,1,'2024-01-25','2024-01-25'),
(150,'MC150',150,104,60000,'2024-02-08','2025-02-07',1,1,'2024-02-08','2024-02-08');

SET IDENTITY_INSERT monthly_cards OFF;

SET IDENTITY_INSERT cards ON;

INSERT INTO cards
(id, card_code, price, night_price, created_at, is_active, created_by)
VALUES
(101,'C101',3000,5000,'2023-01-12',1,2),
(102,'C102',3000,5000,'2024-02-18',1,5),
(103,'C103',3000,5000,'2025-03-07',1,1),
(104,'C104',3000,5000,'2023-01-22',1,4),
(105,'C105',3000,5000,'2024-02-10',1,6),
(106,'C106',3000,5000,'2025-03-01',1,3),
(107,'C107',3000,5000,'2023-01-19',1,2),
(108,'C108',3000,5000,'2024-02-05',1,5),
(109,'C109',3000,5000,'2025-03-14',1,1),
(110,'C110',3000,5000,'2023-01-09',1,6),
(111,'C111',3000,5000,'2024-02-21',1,3),
(112,'C112',3000,5000,'2025-03-02',1,4),
(113,'C113',3000,5000,'2023-01-28',1,5),
(114,'C114',3000,5000,'2024-02-11',1,1),
(115,'C115',3000,5000,'2025-03-16',1,2),
(116,'C116',3000,5000,'2023-01-07',1,6),
(117,'C117',3000,5000,'2024-02-25',1,4),
(118,'C118',3000,5000,'2025-03-13',1,3),
(119,'C119',3000,5000,'2023-01-02',1,1),
(120,'C120',3000,5000,'2024-02-17',1,5),
(121,'C121',3000,5000,'2025-03-09',1,2),
(122,'C122',3000,5000,'2023-01-28',1,6),
(123,'C123',3000,5000,'2024-02-03',1,4),
(124,'C124',3000,5000,'2025-03-15',1,3),
(125,'C125',3000,5000,'2023-01-06',1,1),
(126,'C126',3000,5000,'2024-02-24',1,5),
(127,'C127',3000,5000,'2025-03-18',1,2),
(128,'C128',3000,5000,'2023-01-30',1,6),
(129,'C129',3000,5000,'2024-02-08',1,4),
(130,'C130',3000,5000,'2025-03-26',1,3),
(131,'C131',3000,5000,'2023-01-11',1,5),
(132,'C132',3000,5000,'2024-02-13',1,1),
(133,'C133',3000,5000,'2025-03-04',1,6),
(134,'C134',3000,5000,'2023-01-16',1,2),
(135,'C135',3000,5000,'2024-02-27',1,4),
(136,'C136',3000,5000,'2025-03-08',1,3),
(137,'C137',3000,5000,'2023-01-19',1,1),
(138,'C138',3000,5000,'2024-02-06',1,5),
(139,'C139',3000,5000,'2025-03-23',1,6),
(140,'C140',3000,5000,'2023-01-14',1,2),
(141,'C141',3000,5000,'2024-02-12',1,4),
(142,'C142',3000,5000,'2025-03-18',1,3),
(143,'C143',3000,5000,'2023-01-27',1,1),
(144,'C144',3000,5000,'2024-02-12',1,6),
(145,'C145',3000,5000,'2025-03-20',1,5),
(146,'C146',3000,5000,'2023-01-05',1,2),
(147,'C147',3000,5000,'2024-02-14',1,4),
(148,'C148',3000,5000,'2025-03-01',1,3),
(149,'C149',3000,5000,'2023-01-25',1,6),
(150,'C150',3000,5000,'2024-02-09',1,1);

SET IDENTITY_INSERT cards OFF;

SET IDENTITY_INSERT card_logs ON;

INSERT INTO card_logs
(id, card_id, vehicle_id, entry_at, exit_at, fee, created_by, closed_by)
VALUES
(101, 1, 132, '2023-03-06 15:20', '2023-03-06 17:10', 3000, 2, 4),
(102, 2, 145, '2023-03-07 16:05', '2023-03-07 18:00', 5000, 5, 1),
(103, 3, 128, '2023-03-08 06:45', '2023-03-08 08:10', 3000, 3, 6),
(104, 4, 149, '2023-03-09 17:30', '2023-03-10 07:20', 5000, 1, 2),
(105, 5, 137, '2023-03-10 15:50', '2023-03-10 18:05', 3000, 4, 5),
(106, 6, 126, '2024-01-15 16:10', '2024-01-15 17:55', 3000, 6, 3),
(107, 7, 140, '2024-01-16 07:15', '2024-01-16 09:00', 3000, 2, 1),
(108, 8, 148, '2024-01-17 18:00', '2024-01-18 06:40', 5000, 5, 4),
(109, 9, 133, '2024-01-18 15:35', '2024-01-18 17:30', 3000, 3, 6),
(110, 10, 150, '2024-01-19 16:50', '2024-01-19 18:20', 5000, 1, 2),
(111, 11, 127, '2024-02-06 06:30', '2024-02-06 08:15', 3000, 4, 5),
(112, 12, 138, '2024-03-07 15:10', '2024-03-07 17:00', 3000, 6, 3),
(113, 13, 142, '2024-01-08 17:40', '2024-01-09 07:10', 5000, 2, 1),
(114, 14, 129, '2024-02-09 16:20', '2024-02-09 18:00', 3000, 5, 4),
(115, 15, 147, '2024-03-10 07:00', '2024-03-10 08:40', 3000, 3, 6),
(116, 16, 134, '2025-02-03 15:45', '2025-02-03 17:30', 3000, 1, 2),
(117, 17, 141, '2025-02-04 16:10', '2025-02-04 18:10', 5000, 4, 5),
(118, 18, 126, '2025-02-05 06:20', '2025-02-05 08:00', 3000, 6, 3),
(119, 19, 150, '2025-02-06 18:00', '2025-02-07 06:50', 5000, 2, 1),
(120, 20, 135, '2025-02-07 15:30', '2025-02-07 17:15', 3000, 5, 4),
(121, 21, 146, '2023-01-11 16:40', '2023-01-11 18:30', 5000, 3, 6),
(122, 22, 128, '2023-02-12 07:10', '2023-02-12 08:50', 3000, 1, 2),
(123, 23, 139, '2023-03-13 17:20', '2023-03-14 07:00', 5000, 4, 5),
(124, 24, 150, '2023-01-14 15:00', '2023-01-14 17:00', 3000, 6, 3),
(125, 25, 130, '2023-02-15 16:55', '2023-02-15 18:40', 5000, 2, 1),
(126, 26, 143, '2024-02-04 06:40', '2024-02-04 08:30', 3000, 5, 4),
(127, 27, 126, '2024-03-05 15:15', '2024-03-05 17:10', 3000, 3, 6),
(128, 28, 149, '2024-01-06 17:50', '2024-01-07 06:30', 5000, 1, 2),
(129, 29, 137, '2024-02-07 16:00', '2024-02-07 18:00', 3000, 4, 5),
(130, 30, 145, '2024-03-08 07:30', '2024-03-08 09:00', 3000, 6, 3),
(131, 31, 133, '2025-01-02 15:40', '2025-01-02 17:25', 3000, 2, 1),
(132, 32, 150, '2025-02-03 16:30', '2025-02-03 18:30', 5000, 5, 4),
(133, 33, 127, '2025-03-04 06:10', '2025-03-04 08:00', 3000, 3, 6),
(134, 34, 148, '2025-01-05 18:10', '2025-01-06 07:10', 5000, 1, 2),
(135, 35, 140, '2025-02-06 15:20', '2025-02-06 17:00', 3000, 4, 5),
(136, 36, 126, '2023-03-04 16:00', '2023-03-04 18:00', 5000, 6, 3),
(137, 37, 132, '2023-01-05 07:00', '2023-01-05 08:40', 3000, 2, 1),
(138, 38, 150, '2023-02-06 17:30', '2023-02-07 06:45', 5000, 5, 4),
(139, 39, 138, '2023-03-07 15:10', '2023-03-07 17:00', 3000, 3, 6),
(140, 40, 145, '2023-01-08 16:50', '2023-01-08 18:20', 5000, 1, 2),
(141, 41, 129, '2024-01-01 06:30', '2024-01-01 08:10', 3000, 4, 5),
(142, 42, 147, '2024-02-02 15:35', '2024-02-02 17:20', 3000, 6, 3),
(143, 43, 134, '2024-03-03 17:45', '2024-03-04 07:00', 5000, 2, 1),
(144, 44, 150, '2024-01-04 16:10', '2024-01-04 18:00', 3000, 5, 4),
(145, 45, 126, '2024-02-05 07:20', '2024-02-05 09:00', 3000, 3, 6),
(146, 46, 142, '2025-01-06 15:50', '2025-01-06 17:30', 3000, 1, 2),
(147, 47, 149, '2025-02-07 16:40', '2025-02-07 18:40', 5000, 4, 5),
(148, 48, 131, '2025-03-08 06:15', '2025-03-08 08:00', 3000, 6, 3),
(149, 49, 150, '2025-01-09 18:00', '2025-01-10 06:30', 5000, 2, 1),
(150, 50, 136, '2025-02-10 15:30', '2025-02-10 17:10', 3000, 5, 4);

SET IDENTITY_INSERT card_logs OFF;

SET IDENTITY_INSERT payments ON;

INSERT INTO payments
(id, card_id, monthly_card_id, amount, payment_date, method, processed_by, created_at)
VALUES
(101, 112, NULL, 120000, '2023-02-15', 'CASH', 162, '2023-02-15'),
(102, NULL, 5, 500000, '2023-03-01', 'TRANSFER', 171, '2023-03-01'),
(103, 128, NULL, 150000, '2023-01-10', 'CARD', 188, '2023-01-10'),
(104, NULL, 12, 450000, '2023-02-20', 'TRANSFER', 159, '2023-02-21'),
(105, 140, NULL, 180000, '2023-03-05', 'CASH', 196, '2023-03-05'),
(106, NULL, 18, 520000, '2023-01-12', 'TRANSFER', 173, '2023-01-12'),
(107, 101, NULL, 100000, '2023-02-03', 'CARD', 155, '2023-02-03'),
(108, NULL, 22, 480000, '2023-03-17', 'TRANSFER', 182, '2023-03-18'),
(109, 135, NULL, 200000, '2023-01-09', 'CASH', 167, '2023-01-09'),
(110, NULL, 30, 600000, '2023-02-01', 'TRANSFER', 191, '2023-02-01'),
(111, 149, NULL, 220000, '2024-01-06', 'CARD', 176, '2024-01-06'),
(112, NULL, 7, 450000, '2024-01-22', 'TRANSFER', 184, '2024-01-22'),
(113, 118, NULL, 160000, '2024-02-14', 'CASH', 153, '2024-02-14'),
(114, NULL, 14, 500000, '2024-03-08', 'TRANSFER', 198, '2024-03-09'),
(115, 130, NULL, 190000, '2024-01-01', 'CARD', 169, '2024-01-01'),
(116, NULL, 25, 550000, '2024-02-19', 'TRANSFER', 186, '2024-02-19'),
(117, 143, NULL, 210000, '2024-03-11', 'CASH', 160, '2024-03-11'),
(118, NULL, 33, 620000, '2024-01-07', 'TRANSFER', 177, '2024-01-08'),
(119, 109, NULL, 130000, '2024-02-23', 'CARD', 151, '2024-02-23'),
(120, NULL, 40, 700000, '2024-03-30', 'TRANSFER', 194, '2024-03-30'),
(121, 147, NULL, 240000, '2025-01-04', 'CASH', 165, '2025-01-04'),
(122, NULL, 3, 420000, '2025-01-18', 'TRANSFER', 179, '2025-01-18'),
(123, 120, NULL, 170000, '2025-02-10', 'CARD', 187, '2025-02-10'),
(124, NULL, 9, 460000, '2025-02-28', 'TRANSFER', 156, '2025-02-28'),
(125, 133, NULL, 195000, '2025-03-15', 'CASH', 199, '2025-03-15'),
(126, NULL, 17, 510000, '2025-03-29', 'TRANSFER', 172, '2025-03-29'),
(127, 145, NULL, 225000, '2025-01-06', 'CARD', 161, '2025-01-06'),
(128, NULL, 21, 480000, '2025-02-20', 'TRANSFER', 190, '2025-02-20'),
(129, 111, NULL, 140000, '2025-03-02', 'CASH', 154, '2025-03-02'),
(130, NULL, 28, 560000, '2025-02-18', 'TRANSFER', 183, '2025-02-18'),
(131, 126, NULL, 175000, '2025-03-01', 'CARD', 168, '2025-03-01'),
(132, NULL, 35, 650000, '2025-03-14', 'TRANSFER', 197, '2025-03-14'),
(133, 138, NULL, 205000, '2025-03-27', 'CASH', 163, '2025-03-27'),
(134, NULL, 42, 720000, '2025-01-09', 'TRANSFER', 185, '2025-01-09'),
(135, 104, NULL, 125000, '2025-01-22', 'CARD', 152, '2025-01-22'),
(136, NULL, 46, 780000, '2025-02-05', 'TRANSFER', 195, '2025-02-05'),
(137, 150, NULL, 260000, '2025-02-19', 'CASH', 170, '2025-02-19'),
(138, NULL, 49, 820000, '2025-03-01', 'TRANSFER', 181, '2025-03-01'),
(139, 115, NULL, 155000, '2025-03-14', 'CARD', 158, '2025-03-14'),
(140, NULL, 50, 900000, '2025-03-30', 'TRANSFER', 200, '2025-03-30'),
(141, 121, NULL, 165000, '2025-01-06', 'CASH', 166, '2025-01-06'),
(142, NULL, 11, 470000, '2025-01-18', 'TRANSFER', 174, '2025-01-18'),
(143, 136, NULL, 215000, '2025-02-02', 'CARD', 189, '2025-02-02'),
(144, NULL, 19, 530000, '2025-02-16', 'TRANSFER', 178, '2025-02-16'),
(145, 108, NULL, 135000, '2025-03-01', 'CASH', 157, '2025-03-01'),
(146, NULL, 27, 580000, '2025-03-10', 'TRANSFER', 192, '2025-03-10'),
(147, 142, NULL, 230000, '2025-03-15', 'CARD', 164, '2025-03-15'),
(148, NULL, 31, 610000, '2025-03-18', 'TRANSFER', 193, '2025-03-18'),
(149, 119, NULL, 145000, '2025-03-22', 'CASH', 160, '2025-03-22'),
(150, NULL, 38, 680000, '2025-03-28', 'TRANSFER', 175, '2025-03-28');

SET IDENTITY_INSERT payments OFF;


SET IDENTITY_INSERT monthly_card_logs ON;

INSERT INTO monthly_card_logs
(id, monthly_card_id, entry_at, exit_at, created_by, closed_by)
VALUES
(101,101,'2023-01-05 07:30','2023-01-05 18:00',1,2),
(102,102,'2023-01-06 08:00','2023-01-06 17:45',2,3),
(103,103,'2023-01-10 09:15','2023-01-10 19:00',3,4),
(104,104,'2023-01-12 07:45','2023-01-12 16:30',4,5),
(105,105,'2023-01-15 10:00','2023-01-15 20:00',5,6),

(106,106,'2023-02-01 08:30','2023-02-01 18:15',6,1),
(107,107,'2023-02-03 07:00','2023-02-03 17:00',1,3),
(108,108,'2023-02-07 09:00','2023-02-07 21:00',2,4),
(109,109,'2023-02-10 10:30','2023-02-10 19:45',3,5),
(110,110,'2023-02-14 08:15','2023-02-14 17:30',4,6),

(111,111,'2023-03-01 07:45','2023-03-01 18:20',5,1),
(112,112,'2023-03-04 09:30','2023-03-04 20:15',6,2),
(113,113,'2023-03-06 08:00','2023-03-06 16:45',1,3),
(114,114,'2023-03-10 10:00','2023-03-10 19:30',2,4),
(115,115,'2023-03-12 07:30','2023-03-12 17:10',3,5),

(116,116,'2024-01-05 08:45','2024-01-05 18:00',4,6),
(117,117,'2024-01-07 09:00','2024-01-07 20:00',5,1),
(118,118,'2024-01-10 07:15','2024-01-10 16:45',6,2),
(119,119,'2024-01-15 10:30','2024-01-15 19:50',1,3),
(120,120,'2024-01-18 08:00','2024-01-18 17:40',2,4),

(121,121,'2024-02-02 07:30','2024-02-02 18:10',3,5),
(122,122,'2024-02-05 09:45','2024-02-05 20:30',4,6),
(123,123,'2024-02-08 08:15','2024-02-08 17:00',5,1),
(124,124,'2024-02-12 10:00','2024-02-12 19:20',6,2),
(125,125,'2024-02-15 07:45','2024-02-15 16:50',1,3),

(126,126,'2024-03-01 08:30','2024-03-01 18:45',2,4),
(127,127,'2024-03-04 09:00','2024-03-04 21:00',3,5),
(128,128,'2024-03-07 07:00','2024-03-07 16:30',4,6),
(129,129,'2024-03-10 10:15','2024-03-10 19:55',5,1),
(130,130,'2024-03-14 08:00','2024-03-14 17:35',6,2),

(131,131,'2025-01-03 07:45','2025-01-03 18:00',1,4),
(132,132,'2025-01-06 09:00','2025-01-06 20:00',2,5),
(133,133,'2025-01-09 08:30','2025-01-09 17:15',3,6),
(134,134,'2025-01-12 10:00','2025-01-12 19:40',4,1),
(135,135,'2025-01-15 07:30','2025-01-15 16:45',5,2),

(136,136,'2025-02-01 08:15','2025-02-01 18:30',6,3),
(137,137,'2025-02-04 09:45','2025-02-04 21:00',1,4),
(138,138,'2025-02-07 07:00','2025-02-07 16:20',2,5),
(139,139,'2025-02-10 10:30','2025-02-10 19:50',3,6),
(140,140,'2025-02-14 08:00','2025-02-14 17:40',4,1),

(141,141,'2025-03-01 07:45','2025-03-01 18:10',5,2),
(142,142,'2025-03-04 09:00','2025-03-04 20:45',6,3),
(143,143,'2025-03-07 08:30','2025-03-07 17:00',1,4),
(144,144,'2025-03-10 10:15','2025-03-10 19:30',2,5),
(145,145,'2025-03-14 07:30','2025-03-14 16:50',3,6),
(146,146,'2025-03-16 08:00','2025-03-16 17:45',4,1),
(147,147,'2025-03-18 09:30','2025-03-18 20:00',5,2),
(148,148,'2025-03-20 07:15','2025-03-20 16:30',6,3),
(149,149,'2025-03-22 10:00','2025-03-22 19:40',1,4),
(150,150,'2025-03-25 08:45','2025-03-25 18:00',2,5);

SET IDENTITY_INSERT monthly_card_logs OFF;