SET IDENTITY_INSERT customers ON;
INSERT INTO customers (id, full_name, phone_number, email, created_at, updated_at) VALUES
(1, 'Lê Minh Châu', '0923456789', 'chau@email.com', '2025-01-01 08:00:00', '2025-01-01 08:00:00'),
(2, 'Phạm Thị Dung', '0934567890', 'dung@email.com', '2025-01-01 08:00:00', '2025-01-01 08:00:00'),
(3, 'Hoàng Văn Em', '0945678901', 'em@email.com', '2025-01-01 08:00:00', '2025-01-01 08:00:00'),
(4, 'Võ Thị Phương', '0956789012', 'phuong@email.com', '2025-01-01 08:00:00', '2025-01-01 08:00:00'),
(5, 'Đỗ Văn Giang', '0967890123', 'giang@email.com', '2025-01-01 08:00:00', '2025-01-01 08:00:00');
SET IDENTITY_INSERT customers OFF;

--Vehicle
SET IDENTITY_INSERT vehicles ON;
-- Xe thẻ tháng
INSERT INTO vehicles (id, vehicle_type, plate_number, created_at, updated_at) VALUES
(1, 'motorbike', '51A-12345', '2025-01-01 08:00:00', '2025-01-01 08:00:00'),
(2, 'motorbike', '51B-67890', '2025-01-01 08:00:00', '2025-01-01 08:00:00'),
(3, 'motorbike', '51C-11111', '2025-01-01 08:00:00', '2025-01-01 08:00:00'),
(4, 'motorbike', '51D-22222', '2025-01-01 08:00:00', '2025-01-01 08:00:00'),
(5, 'motorbike', '51E-33333', '2025-01-01 08:00:00', '2025-01-01 08:00:00');

-- Xe lượt (khách vãng lai)
INSERT INTO vehicles (id, vehicle_type, plate_number, created_at, updated_at) VALUES
(101, 'motorbike', '51F-44444', '2025-01-01 08:00:00', '2025-01-01 08:00:00'),
(102, 'motorbike', '51G-55555', '2025-01-01 08:00:00', '2025-01-01 08:00:00'),
(103, 'motorbike', '51H-66666', '2025-01-01 08:00:00', '2025-01-01 08:00:00'),
(104, 'motorbike', '51I-77777', '2025-01-01 08:00:00', '2025-01-01 08:00:00'),
(105, 'motorbike', '51J-88888', '2025-01-01 08:00:00', '2025-01-01 08:00:00'),
(106, 'motorbike', '51K-99999', '2025-01-01 08:00:00', '2025-01-01 08:00:00'),
(107, 'motorbike', '51L-00000', '2025-01-01 08:00:00', '2025-01-01 08:00:00'),
(108, 'motorbike', '51M-11122', '2025-01-01 08:00:00', '2025-01-01 08:00:00'),
(109, 'motorbike', '51N-22233', '2025-01-01 08:00:00', '2025-01-01 08:00:00'),
(110, 'motorbike', '51O-33344', '2025-01-01 08:00:00', '2025-01-01 08:00:00');
SET IDENTITY_INSERT vehicles OFF;

SET IDENTITY_INSERT cards ON;

-- ===== THÁNG 4/2023: 15 records =====
-- Thứ 2 (03/04/2023): 2 lượt
INSERT INTO cards (id, card_code, vehicle_id, card_type, entry_at, exit_at, fee, created_at, updated_at, created_by, closed_by, is_active) VALUES
(1001, 'C1001', 101, 'single', '2023-04-03 08:00:00', '2023-04-03 10:00:00', 3000, '2023-04-03 08:00:00', '2023-04-03 10:00:00', 1, 1, 0),  -- 2h x 3k
(1002, 'C1002', 102, 'single', '2023-04-03 17:00:00', '2023-04-03 19:00:00', 3000, '2023-04-03 17:00:00', '2023-04-03 19:00:00', 1, 1, 0);  -- 2h x 3k

-- Thứ 3 (04/04/2023): 3 lượt
INSERT INTO cards (id, card_code, vehicle_id, card_type, entry_at, exit_at, fee, created_at, updated_at, created_by, closed_by, is_active) VALUES
(1003, 'C1003', 103, 'single', '2023-04-04 09:00:00', '2023-04-04 11:00:00', 3000, '2023-04-04 09:00:00', '2023-04-04 11:00:00', 1, 1, 0),
(1004, 'C1004', 104, 'single', '2023-04-04 16:00:00', '2023-04-04 18:00:00', 3000, '2023-04-04 16:00:00', '2023-04-04 18:00:00', 1, 1, 0),
(1005, 'C1005', 105, 'single', '2023-04-04 19:00:00', '2023-04-04 21:00:00', 6000, '2023-04-04 19:00:00', '2023-04-04 21:00:00', 1, 1, 0);

-- Thứ 4 (05/04/2023): 4 lượt
INSERT INTO cards (id, card_code, vehicle_id, card_type, entry_at, exit_at, fee, created_at, updated_at, created_by, closed_by, is_active) VALUES
(1006, 'C1006', 106, 'single', '2023-04-05 08:30:00', '2023-04-05 23:30:00', 6000, '2023-04-05 08:30:00', '2023-04-05 10:30:00', 1, 1, 0),
(1007, 'C1007', 107, 'single', '2023-04-05 11:00:00', '2023-04-05 13:00:00', 3000, '2023-04-05 11:00:00', '2023-04-05 13:00:00', 1, 1, 0),
(1008, 'C1008', 108, 'single', '2023-04-05 16:30:00', '2023-04-05 18:30:00', 3000, '2023-04-05 16:30:00', '2023-04-05 18:30:00', 1, 1, 0),
(1009, 'C1009', 109, 'single', '2023-04-05 19:00:00', '2023-04-05 21:00:00', 6000, '2023-04-05 19:00:00', '2023-04-05 21:00:00', 1, 1, 0);

-- Thứ 5 (06/04/2023): 5 lượt (cao điểm)
INSERT INTO cards (id, card_code, vehicle_id, card_type, entry_at, exit_at, fee, created_at, updated_at, created_by, closed_by, is_active) VALUES
(1010, 'C1010', 110, 'single', '2023-04-06 08:00:00', '2023-04-06 10:00:00', 6000, '2023-04-06 08:00:00', '2023-04-06 10:00:00', 1, 1, 0),
(1011, 'C1011', 101, 'single', '2023-04-06 10:30:00', '2023-04-06 12:30:00', 6000, '2023-04-06 10:30:00', '2023-04-06 12:30:00', 1, 1, 0),
(1012, 'C1012', 102, 'single', '2023-04-06 14:00:00', '2023-04-06 16:00:00', 6000, '2023-04-06 14:00:00', '2023-04-06 16:00:00', 1, 1, 0),
(1013, 'C1013', 103, 'single', '2023-04-06 16:30:00', '2023-04-06 18:30:00', 6000, '2023-04-06 16:30:00', '2023-04-06 18:30:00', 1, 1, 0),
(1014, 'C1014', 104, 'single', '2023-04-06 19:00:00', '2023-04-06 21:00:00', 6000, '2023-04-06 19:00:00', '2023-04-06 21:00:00', 1, 1, 0);

-- Thứ 6 (07/04/2023): 1 lượt (giảm)
INSERT INTO cards (id, card_code, vehicle_id, card_type, entry_at, exit_at, fee, created_at, updated_at, created_by, closed_by, is_active) VALUES
(1015, 'C1015', 105, 'single', '2023-04-07 15:00:00', '2023-04-07 17:00:00', 6000, '2023-04-07 15:00:00', '2023-04-07 17:00:00', 1, 1, 0);

-- ===== THÁNG 5/2023: 20 records (tháng cao điểm) =====
-- Tuần 1
INSERT INTO cards (id, card_code, vehicle_id, card_type, entry_at, exit_at, fee, created_at, updated_at, created_by, closed_by, is_active) VALUES
(1016, 'C1016', 106, 'single', '2023-05-01 08:00:00', '2023-05-01 11:00:00', 9000, '2023-05-01 08:00:00', '2023-05-01 11:00:00', 1, 1, 0),  -- 3h x 3k
(1017, 'C1017', 107, 'single', '2023-05-01 16:00:00', '2023-05-01 19:00:00', 9000, '2023-05-01 16:00:00', '2023-05-01 19:00:00', 1, 1, 0),
(1018, 'C1018', 108, 'single', '2023-05-02 08:30:00', '2023-05-02 11:30:00', 9000, '2023-05-02 08:30:00', '2023-05-02 11:30:00', 1, 1, 0),
(1019, 'C1019', 109, 'single', '2023-05-02 17:00:00', '2023-05-02 20:00:00', 9000, '2023-05-02 17:00:00', '2023-05-02 20:00:00', 1, 1, 0),
(1020, 'C1020', 110, 'single', '2023-05-03 09:00:00', '2023-05-03 12:00:00', 9000, '2023-05-03 09:00:00', '2023-05-03 12:00:00', 1, 1, 0);

-- Tuần 2
INSERT INTO cards (id, card_code, vehicle_id, card_type, entry_at, exit_at, fee, created_at, updated_at, created_by, closed_by, is_active) VALUES
(1021, 'C1021', 101, 'single', '2023-05-08 08:00:00', '2023-05-08 12:00:00', 12000, '2023-05-08 08:00:00', '2023-05-08 12:00:00', 1, 1, 0),  -- 4h x 3k
(1022, 'C1022', 102, 'single', '2023-05-08 16:00:00', '2023-05-08 19:00:00', 9000, '2023-05-08 16:00:00', '2023-05-08 19:00:00', 1, 1, 0),
(1023, 'C1023', 103, 'single', '2023-05-09 08:30:00', '2023-05-09 11:30:00', 9000, '2023-05-09 08:30:00', '2023-05-09 11:30:00', 1, 1, 0),
(1024, 'C1024', 104, 'single', '2023-05-09 17:00:00', '2023-05-09 20:00:00', 9000, '2023-05-09 17:00:00', '2023-05-09 20:00:00', 1, 1, 0),
(1025, 'C1025', 105, 'single', '2023-05-10 08:00:00', '2023-05-10 11:00:00', 9000, '2023-05-10 08:00:00', '2023-05-10 11:00:00', 1, 1, 0);

-- Tuần 3
INSERT INTO cards (id, card_code, vehicle_id, card_type, entry_at, exit_at, fee, created_at, updated_at, created_by, closed_by, is_active) VALUES
(1026, 'C1026', 106, 'single', '2023-05-15 09:00:00', '2023-05-15 13:00:00', 12000, '2023-05-15 09:00:00', '2023-05-15 13:00:00', 1, 1, 0),
(1027, 'C1027', 107, 'single', '2023-05-15 16:00:00', '2023-05-15 19:00:00', 9000, '2023-05-15 16:00:00', '2023-05-15 19:00:00', 1, 1, 0),
(1028, 'C1028', 108, 'single', '2023-05-16 08:00:00', '2023-05-16 12:00:00', 12000, '2023-05-16 08:00:00', '2023-05-16 12:00:00', 1, 1, 0),
(1029, 'C1029', 109, 'single', '2023-05-16 17:00:00', '2023-05-16 20:00:00', 9000, '2023-05-16 17:00:00', '2023-05-16 20:00:00', 1, 1, 0),
(1030, 'C1030', 110, 'single', '2023-05-17 08:30:00', '2023-05-17 11:30:00', 9000, '2023-05-17 08:30:00', '2023-05-17 11:30:00', 1, 1, 0);

-- Tuần 4
INSERT INTO cards (id, card_code, vehicle_id, card_type, entry_at, exit_at, fee, created_at, updated_at, created_by, closed_by, is_active) VALUES
(1031, 'C1031', 101, 'single', '2023-05-22 08:00:00', '2023-05-22 12:00:00', 12000, '2023-05-22 08:00:00', '2023-05-22 12:00:00', 1, 1, 0),
(1032, 'C1032', 102, 'single', '2023-05-22 16:30:00', '2023-05-22 19:30:00', 9000, '2023-05-22 16:30:00', '2023-05-22 19:30:00', 1, 1, 0),
(1033, 'C1033', 103, 'single', '2023-05-23 08:00:00', '2023-05-23 12:00:00', 12000, '2023-05-23 08:00:00', '2023-05-23 12:00:00', 1, 1, 0),
(1034, 'C1034', 104, 'single', '2023-05-23 17:00:00', '2023-05-23 20:00:00', 9000, '2023-05-23 17:00:00', '2023-05-23 20:00:00', 1, 1, 0),
(1035, 'C1035', 105, 'single', '2023-05-24 08:00:00', '2023-05-24 11:00:00', 9000, '2023-05-24 08:00:00', '2023-05-24 11:00:00', 1, 1, 0);

-- ===== THÁNG 6/2023: 15 records =====
INSERT INTO cards (id, card_code, vehicle_id, card_type, entry_at, exit_at, fee, created_at, updated_at, created_by, closed_by, is_active) VALUES
(1036, 'C1036', 106, 'single', '2023-06-05 08:30:00', '2023-06-05 11:30:00', 9000, '2023-06-05 08:30:00', '2023-06-05 11:30:00', 1, 1, 0),
(1037, 'C1037', 107, 'single', '2023-06-05 16:00:00', '2023-06-05 19:00:00', 9000, '2023-06-05 16:00:00', '2023-06-05 19:00:00', 1, 1, 0),
(1038, 'C1038', 108, 'single', '2023-06-06 08:00:00', '2023-06-06 11:00:00', 9000, '2023-06-06 08:00:00', '2023-06-06 11:00:00', 1, 1, 0),
(1039, 'C1039', 109, 'single', '2023-06-06 17:00:00', '2023-06-06 20:00:00', 9000, '2023-06-06 17:00:00', '2023-06-06 20:00:00', 1, 1, 0),
(1040, 'C1040', 110, 'single', '2023-06-07 08:00:00', '2023-06-07 11:00:00', 9000, '2023-06-07 08:00:00', '2023-06-07 11:00:00', 1, 1, 0),
(1041, 'C1041', 101, 'single', '2023-06-12 09:00:00', '2023-06-12 12:00:00', 9000, '2023-06-12 09:00:00', '2023-06-12 12:00:00', 1, 1, 0),
(1042, 'C1042', 102, 'single', '2023-06-12 16:30:00', '2023-06-12 19:30:00', 9000, '2023-06-12 16:30:00', '2023-06-12 19:30:00', 1, 1, 0),
(1043, 'C1043', 103, 'single', '2023-06-13 08:00:00', '2023-06-13 11:00:00', 9000, '2023-06-13 08:00:00', '2023-06-13 11:00:00', 1, 1, 0),
(1044, 'C1044', 104, 'single', '2023-06-13 17:00:00', '2023-06-13 20:00:00', 9000, '2023-06-13 17:00:00', '2023-06-13 20:00:00', 1, 1, 0),
(1045, 'C1045', 105, 'single', '2023-06-14 08:30:00', '2023-06-14 11:30:00', 9000, '2023-06-14 08:30:00', '2023-06-14 11:30:00', 1, 1, 0),
(1046, 'C1046', 106, 'single', '2023-06-19 09:00:00', '2023-06-19 12:00:00', 9000, '2023-06-19 09:00:00', '2023-06-19 12:00:00', 1, 1, 0),
(1047, 'C1047', 107, 'single', '2023-06-19 17:00:00', '2023-06-19 20:00:00', 9000, '2023-06-19 17:00:00', '2023-06-19 20:00:00', 1, 1, 0),
(1048, 'C1048', 108, 'single', '2023-06-20 08:00:00', '2023-06-20 11:00:00', 9000, '2023-06-20 08:00:00', '2023-06-20 11:00:00', 1, 1, 0),
(1049, 'C1049', 109, 'single', '2023-06-20 16:30:00', '2023-06-20 19:30:00', 9000, '2023-06-20 16:30:00', '2023-06-20 19:30:00', 1, 1, 0),
(1050, 'C1050', 110, 'single', '2023-06-21 08:00:00', '2023-06-21 11:00:00', 9000, '2023-06-21 08:00:00', '2023-06-21 11:00:00', 1, 1, 0);



-- THÁNG 4/2024
INSERT INTO cards (id, card_code, vehicle_id, card_type, entry_at, exit_at, fee, created_at, updated_at, created_by, closed_by, is_active) VALUES
(2001, 'C2001', 101, 'single', '2024-04-01 08:00:00', '2024-04-01 10:00:00', 6000, '2024-04-01 08:00:00', '2024-04-01 10:00:00', 1, 1, 0),
(2002, 'C2002', 102, 'single', '2024-04-01 17:00:00', '2024-04-01 19:00:00', 6000, '2024-04-01 17:00:00', '2024-04-01 19:00:00', 1, 1, 0),
(2003, 'C2003', 103, 'single', '2024-04-02 09:00:00', '2024-04-02 11:00:00', 6000, '2024-04-02 09:00:00', '2024-04-02 11:00:00', 1, 1, 0),
(2004, 'C2004', 104, 'single', '2024-04-02 16:00:00', '2024-04-02 18:00:00', 6000, '2024-04-02 16:00:00', '2024-04-02 18:00:00', 1, 1, 0),
(2005, 'C2005', 105, 'single', '2024-04-02 19:00:00', '2024-04-02 21:00:00', 6000, '2024-04-02 19:00:00', '2024-04-02 21:00:00', 1, 1, 0),
(2006, 'C2006', 106, 'single', '2024-04-03 08:30:00', '2024-04-03 11:30:00', 9000, '2024-04-03 08:30:00', '2024-04-03 11:30:00', 1, 1, 0),
(2007, 'C2007', 107, 'single', '2024-04-03 11:00:00', '2024-04-03 13:00:00', 6000, '2024-04-03 11:00:00', '2024-04-03 13:00:00', 1, 1, 0),
(2008, 'C2008', 108, 'single', '2024-04-03 16:30:00', '2024-04-03 18:30:00', 6000, '2024-04-03 16:30:00', '2024-04-03 18:30:00', 1, 1, 0),
(2009, 'C2009', 109, 'single', '2024-04-03 19:00:00', '2024-04-03 21:00:00', 6000, '2024-04-03 19:00:00', '2024-04-03 21:00:00', 1, 1, 0),
(2010, 'C2010', 110, 'single', '2024-04-04 08:00:00', '2024-04-04 10:00:00', 6000, '2024-04-04 08:00:00', '2024-04-04 10:00:00', 1, 1, 0);

-- THÁNG 5/2024
INSERT INTO cards (id, card_code, vehicle_id, card_type, entry_at, exit_at, fee, created_at, updated_at, created_by, closed_by, is_active) VALUES
(2016, 'C2016', 106, 'single', '2024-05-06 08:00:00', '2024-05-06 11:00:00', 3000, '2024-05-06 08:00:00', '2024-05-06 11:00:00', 1, 1, 0),
(2017, 'C2017', 107, 'single', '2024-05-06 16:00:00', '2024-05-06 19:00:00', 3000, '2024-05-06 16:00:00', '2024-05-06 19:00:00', 1, 1, 0),
(2018, 'C2018', 108, 'single', '2024-05-07 08:30:00', '2024-05-07 11:30:00', 3000, '2024-05-07 08:30:00', '2024-05-07 11:30:00', 1, 1, 0),
(2019, 'C2019', 109, 'single', '2024-05-07 17:00:00', '2024-05-07 20:00:00', 3000, '2024-05-07 17:00:00', '2024-05-07 20:00:00', 1, 1, 0),
(2020, 'C2020', 110, 'single', '2024-05-08 09:00:00', '2024-05-08 12:00:00', 3000, '2024-05-08 09:00:00', '2024-05-08 12:00:00', 1, 1, 0),
(2021, 'C2021', 101, 'single', '2024-05-13 08:00:00', '2024-05-13 12:00:00', 3000, '2024-05-13 08:00:00', '2024-05-13 12:00:00', 1, 1, 0),
(2022, 'C2022', 102, 'single', '2024-05-13 16:00:00', '2024-05-13 19:00:00', 3000, '2024-05-13 16:00:00', '2024-05-13 19:00:00', 1, 1, 0),
(2023, 'C2023', 103, 'single', '2024-05-14 08:30:00', '2024-05-14 11:30:00', 3000, '2024-05-14 08:30:00', '2024-05-14 11:30:00', 1, 1, 0),
(2024, 'C2024', 104, 'single', '2024-05-14 17:00:00', '2024-05-14 20:00:00', 3000, '2024-05-14 17:00:00', '2024-05-14 20:00:00', 1, 1, 0),
(2025, 'C2025', 105, 'single', '2024-05-15 08:00:00', '2024-05-15 11:00:00', 3000, '2024-05-15 08:00:00', '2024-05-15 11:00:00', 1, 1, 0),

-- THÁNG 6/2024
INSERT INTO cards (id, card_code, vehicle_id, card_type, entry_at, exit_at, fee, created_at, updated_at, created_by, closed_by, is_active) VALUES
(2036, 'C2036', 106, 'single', '2024-06-03 08:30:00', '2024-06-03 11:30:00', 3000, '2024-06-03 08:30:00', '2024-06-03 11:30:00', 1, 1, 0),
(2037, 'C2037', 107, 'single', '2024-06-03 16:00:00', '2024-06-03 19:00:00', 3000, '2024-06-03 16:00:00', '2024-06-03 19:00:00', 1, 1, 0),
(2038, 'C2038', 108, 'single', '2024-06-04 08:00:00', '2024-06-04 11:00:00', 3000, '2024-06-04 08:00:00', '2024-06-04 11:00:00', 1, 1, 0),
(2039, 'C2039', 109, 'single', '2024-06-04 17:00:00', '2024-06-04 22:30:00', 6000, '2024-06-04 17:00:00', '2024-06-04 22:30:00', 1, 1, 0),
(2040, 'C2040', 110, 'single', '2024-06-05 08:00:00', '2024-06-05 11:00:00', 3000, '2024-06-05 08:00:00', '2024-06-05 11:00:00', 1, 1, 0),
(2041, 'C2041', 101, 'single', '2024-06-10 09:00:00', '2024-06-10 12:00:00', 3000, '2024-06-10 09:00:00', '2024-06-10 12:00:00', 1, 1, 0),
(2042, 'C2042', 102, 'single', '2024-06-10 16:30:00', '2024-06-10 19:30:00', 3000, '2024-06-10 16:30:00', '2024-06-10 19:30:00', 1, 1, 0),
(2043, 'C2043', 103, 'single', '2024-06-11 08:00:00', '2024-06-11 11:00:00', 3000, '2024-06-11 08:00:00', '2024-06-11 11:00:00', 1, 1, 0),
(2044, 'C2044', 104, 'single', '2024-06-11 17:00:00', '2024-06-11 20:00:00', 3000, '2024-06-11 17:00:00', '2024-06-11 20:00:00', 1, 1, 0),
(2045, 'C2045', 105, 'single', '2024-06-12 08:30:00', '2024-06-12 11:30:00', 3000, '2024-06-12 08:30:00', '2024-06-12 11:30:00', 1, 1, 0);

-- THÁNG 4/2025
INSERT INTO cards (id, card_code, vehicle_id, card_type, entry_at, exit_at, fee, created_at, updated_at, created_by, closed_by, is_active) VALUES
(3001, 'C3001', 101, 'single', '2025-04-01 08:00:00', '2025-04-01 10:00:00', 3000, '2025-04-01 08:00:00', '2025-04-01 10:00:00', 1, 1, 0),
(3002, 'C3002', 102, 'single', '2025-04-01 17:00:00', '2025-04-01 19:00:00', 3000, '2025-04-01 17:00:00', '2025-04-01 19:00:00', 1, 1, 0),
(3003, 'C3003', 103, 'single', '2025-04-02 09:00:00', '2025-04-02 11:00:00', 3000, '2025-04-02 09:00:00', '2025-04-02 11:00:00', 1, 1, 0),
(3004, 'C3004', 104, 'single', '2025-04-02 16:00:00', '2025-04-02 18:00:00', 3000, '2025-04-02 16:00:00', '2025-04-02 18:00:00', 1, 1, 0),
(3005, 'C3005', 105, 'single', '2025-04-02 19:00:00', '2025-04-02 21:00:00', 3000, '2025-04-02 19:00:00', '2025-04-02 21:00:00', 1, 1, 0),
(3006, 'C3006', 106, 'single', '2025-04-03 08:30:00', '2025-04-03 11:30:00', 3000, '2025-04-03 08:30:00', '2025-04-03 11:30:00', 1, 1, 0);

INSERT INTO cards (id, card_code, vehicle_id, card_type, entry_at, exit_at, fee, created_at, updated_at, created_by, closed_by, is_active) VALUES
(3016, 'C3016', 106, 'single', '2025-05-05 08:00:00', '2025-05-05 11:00:00', 3000, '2025-05-05 08:00:00', '2025-05-05 11:00:00', 1, 1, 0),
(3017, 'C3017', 107, 'single', '2025-05-05 16:00:00', '2025-05-05 19:00:00', 3000, '2025-05-05 16:00:00', '2025-05-05 19:00:00', 1, 1, 0),
(3018, 'C3018', 108, 'single', '2025-05-06 08:30:00', '2025-05-06 11:30:00', 3000, '2025-05-06 08:30:00', '2025-05-06 11:30:00', 1, 1, 0),
(3019, 'C3019', 109, 'single', '2025-05-06 17:00:00', '2025-05-06 20:00:00', 3000, '2025-05-06 17:00:00', '2025-05-06 20:00:00', 1, 1, 0),
(3020, 'C3020', 110, 'single', '2025-05-07 09:00:00', '2025-05-07 12:00:00', 3000, '2025-05-07 09:00:00', '2025-05-07 12:00:00', 1, 1, 0),
(3021, 'C3021', 101, 'single', '2025-05-12 08:00:00', '2025-05-12 12:00:00', 3000, '2025-05-12 08:00:00', '2025-05-12 12:00:00', 1, 1, 0),
(3022, 'C3022', 102, 'single', '2025-05-12 16:00:00', '2025-05-12 19:00:00', 3000, '2025-05-12 16:00:00', '2025-05-12 19:00:00', 1, 1, 0);

-- THÁNG 6/2025
INSERT INTO cards (id, card_code, vehicle_id, card_type, entry_at, exit_at, fee, created_at, updated_at, created_by, closed_by, is_active) VALUES
(3036, 'C3036', 106, 'single', '2025-06-02 08:30:00', '2025-06-02 11:30:00', 9000, '2025-06-02 08:30:00', '2025-06-02 11:30:00', 1, 1, 0),
(3037, 'C3037', 107, 'single', '2025-06-02 16:00:00', '2025-06-02 19:00:00', 9000, '2025-06-02 16:00:00', '2025-06-02 19:00:00', 1, 1, 0),
(3038, 'C3038', 108, 'single', '2025-06-03 08:00:00', '2025-06-03 11:00:00', 9000, '2025-06-03 08:00:00', '2025-06-03 11:00:00', 1, 1, 0),
(3039, 'C3039', 109, 'single', '2025-06-03 17:00:00', '2025-06-03 20:00:00', 9000, '2025-06-03 17:00:00', '2025-06-03 20:00:00', 1, 1, 0),
(3040, 'C3040', 110, 'single', '2025-06-04 08:00:00', '2025-06-04 11:00:00', 9000, '2025-06-04 08:00:00', '2025-06-04 11:00:00', 1, 1, 0),
(3041, 'C3041', 101, 'single', '2025-06-09 09:00:00', '2025-06-09 12:00:00', 9000, '2025-06-09 09:00:00', '2025-06-09 12:00:00', 1, 1, 0),
(3042, 'C3042', 102, 'single', '2025-06-09 16:30:00', '2025-06-09 19:30:00', 9000, '2025-06-09 16:30:00', '2025-06-09 19:30:00', 1, 1, 0),
(3043, 'C3043', 103, 'single', '2025-06-10 08:00:00', '2025-06-10 11:00:00', 9000, '2025-06-10 08:00:00', '2025-06-10 11:00:00', 1, 1, 0);
SET IDENTITY_INSERT cards OFF;

SET IDENTITY_INSERT monthly_cards ON;

INSERT INTO monthly_cards (id, card_code, customer_id, vehicle_id, monthly_fee, start_date, end_date, is_active, created_at, updated_at, expiry_date, is_paid) VALUES
-- Năm 2023
(10, 'M2023Q2-1', 1, 1, 60000, '2023-04-01', '2023-04-30', 1, '2023-04-01 08:00:00', '2023-04-01 08:00:00', '2023-04-30', 1),
(11, 'M2023Q2-2', 2, 2, 60000, '2023-05-01', '2023-05-31', 1, '2023-05-01 08:00:00', '2023-05-01 08:00:00', '2023-05-31', 1),
(12, 'M2023Q2-3', 3, 3, 60000, '2023-06-01', '2023-06-30', 1, '2023-06-01 08:00:00', '2023-06-01 08:00:00', '2023-06-30', 1),
-- Năm 2024
(13, 'M2024Q2-1', 1, 1, 60000, '2024-04-01', '2024-04-30', 1, '2024-04-01 08:00:00', '2024-04-01 08:00:00', '2024-04-30', 1),
(14, 'M2024Q2-2', 2, 2, 60000, '2024-05-01', '2024-05-31', 1, '2024-05-01 08:00:00', '2024-05-01 08:00:00', '2024-05-31', 1),
(15, 'M2024Q2-3', 3, 3, 60000, '2024-06-01', '2024-06-30', 1, '2024-06-01 08:00:00', '2024-06-01 08:00:00', '2024-06-30', 1),
-- Năm 2025
(16, 'M2025Q2-1', 1, 1, 60000, '2025-04-01', '2025-04-30', 1, '2025-04-01 08:00:00', '2025-04-01 08:00:00', '2025-04-30', 1),
(17, 'M2025Q2-2', 2, 2, 60000, '2025-05-01', '2025-05-31', 1, '2025-05-01 08:00:00', '2025-05-01 08:00:00', '2025-05-31', 1),
(18, 'M2025Q2-3', 3, 3, 60000, '2025-06-01', '2025-06-30', 1, '2025-06-01 08:00:00', '2025-06-01 08:00:00', '2025-06-30', 1);

SET IDENTITY_INSERT monthly_cards OFF;

SET IDENTITY_INSERT card_logs ON;

-- Thẻ tháng 2023 Q2
INSERT INTO card_logs (id, card_id, vehicle_id, entry_at, exit_at, fee, created_by, closed_by) VALUES
(1001, 1001, 1, '2023-04-03 08:00:00', '2023-04-03 17:00:00', 0, 1, 1),
(1002, 1002, 1, '2023-04-04 08:00:00', '2023-04-04 17:00:00', 0, 1, 1),
(1003, 1003, 1, '2023-04-05 08:00:00', '2023-04-05 17:00:00', 0, 1, 1),
(1004, 1011, 2, '2023-05-02 08:30:00', '2023-05-02 17:30:00', 0, 1, 1),
(1005, 1012, 2, '2023-05-03 08:30:00', '2023-05-03 17:30:00', 0, 1, 1),
(1006, 1013, 3, '2023-06-05 09:00:00', '2023-06-05 18:00:00', 0, 1, 1);

-- Thẻ tháng 2024 Q2
INSERT INTO card_logs (id, card_id, vehicle_id, entry_at, exit_at, fee, created_by, closed_by) VALUES
(2001, 1013, 1, '2024-04-01 08:00:00', '2024-04-01 17:00:00', 0, 1, 1),
(2002, 1013, 1, '2024-04-02 08:00:00', '2024-04-02 17:00:00', 0, 1, 1),
(2003, 1014, 1, '2024-04-03 08:00:00', '2024-04-03 17:00:00', 0, 1, 1),
(2004, 1014, 2, '2024-05-06 08:30:00', '2024-05-06 17:30:00', 0, 1, 1);
SET IDENTITY_INSERT card_logs OFF;


SET IDENTITY_INSERT card_logs ON;

-- Thẻ tháng 2023 Q2
INSERT INTO card_logs (id, card_id, vehicle_id, entry_at, exit_at, fee, created_by, closed_by) VALUES
(1001, 10, 1, '2023-04-03 08:00:00', '2023-04-03 17:00:00', 0, 1, 1),
(1002, 10, 1, '2023-04-04 08:00:00', '2023-04-04 17:00:00', 0, 1, 1),
(1003, 10, 1, '2023-04-05 08:00:00', '2023-04-05 17:00:00', 0, 1, 1),
(1004, 11, 2, '2023-05-02 08:30:00', '2023-05-02 17:30:00', 0, 1, 1),
(1005, 11, 2, '2023-05-03 08:30:00', '2023-05-03 17:30:00', 0, 1, 1),
(1006, 12, 3, '2023-06-05 09:00:00', '2023-06-05 18:00:00', 0, 1, 1);

-- Thẻ tháng 2024 Q2
INSERT INTO card_logs (id, card_id, vehicle_id, entry_at, exit_at, fee, created_by, closed_by) VALUES
(2001, 13, 1, '2024-04-01 08:00:00', '2024-04-01 17:00:00', 0, 1, 1),
(2002, 13, 1, '2024-04-02 08:00:00', '2024-04-02 17:00:00', 0, 1, 1),
(2003, 13, 1, '2024-04-03 08:00:00', '2024-04-03 17:00:00', 0, 1, 1),
(2004, 14, 2, '2024-05-06 08:30:00', '2024-05-06 17:30:00', 0, 1, 1),
(2005, 14, 2, '2024-05-07 08:30:00', '2024-05-07 17:30:00', 0, 1, 1),
(2006, 15, 3, '2024-06-03 09:00:00', '2024-06-03 18:00:00', 0, 1, 1);

-- Thẻ tháng 2025 Q2
INSERT INTO card_logs (id, card_id, vehicle_id, entry_at, exit_at, fee, created_by, closed_by) VALUES
(3001, 1016, 1, '2025-04-01 08:00:00', '2025-04-01 17:00:00', 0, 1, 1),
(3002, 1016, 1, '2025-04-02 08:00:00', '2025-04-02 17:00:00', 0, 1, 1),
(3003, 1016, 1, '2025-04-03 08:00:00', '2025-04-03 17:00:00', 0, 1, 1),
(3004, 1017, 2, '2025-05-05 08:30:00', '2025-05-05 17:30:00', 0, 1, 1),
(3005, 1017, 2, '2025-05-06 08:30:00', '2025-05-06 17:30:00', 0, 1, 1),
(3006, 1018, 3, '2025-06-02 09:00:00', '2025-06-02 18:00:00', 0, 1, 1);

SET IDENTITY_INSERT card_logs OFF;


SET IDENTITY_INSERT payments ON;

-- Thanh toán thẻ lượt năm 2023
INSERT INTO payments (id, card_id, monthly_card_id, amount, payment_date, method, processed_by, created_at, updated_at) VALUES
(10001, 1001, NULL, 6000, '2023-04-03 10:00:00', 'cash', 1, '2023-04-03 10:00:00', '2023-04-03 10:00:00'),
(10002, 1002, NULL, 6000, '2023-04-03 19:00:00', 'cash', 1, '2023-04-03 19:00:00', '2023-04-03 19:00:00'),
(10003, 1016, NULL, 9000, '2023-05-01 11:00:00', 'ewallet', 1, '2023-05-01 11:00:00', '2023-05-01 11:00:00'),
(10004, 1036, NULL, 9000, '2023-06-05 11:30:00', 'card', 1, '2023-06-05 11:30:00', '2023-06-05 11:30:00');

-- Thanh toán thẻ tháng năm 2023
INSERT INTO payments (id, card_id, monthly_card_id, amount, payment_date, method, processed_by, created_at, updated_at) VALUES
(10005, NULL, 10, 60000, '2023-04-01 08:00:00', 'transfer', 1, '2023-04-01 08:00:00', '2023-04-01 08:00:00'),
(10006, NULL, 11, 60000, '2023-05-01 08:00:00', 'transfer', 1, '2023-05-01 08:00:00', '2023-05-01 08:00:00'),
(10007, NULL, 12, 60000, '2023-06-01 08:00:00', 'transfer', 1, '2023-06-01 08:00:00', '2023-06-01 08:00:00');

-- Thanh toán thẻ lượt năm 2024
INSERT INTO payments (id, card_id, monthly_card_id, amount, payment_date, method, processed_by, created_at, updated_at) VALUES
(20001, 2001, NULL, 6000, '2024-04-01 10:00:00', 'cash', 1, '2024-04-01 10:00:00', '2024-04-01 10:00:00'),
(20002, 2002, NULL, 6000, '2024-04-01 19:00:00', 'cash', 1, '2024-04-01 19:00:00', '2024-04-01 19:00:00'),
(20003, 2016, NULL, 9000, '2024-05-06 11:00:00', 'ewallet', 1, '2024-05-06 11:00:00', '2024-05-06 11:00:00'),
(20004, 2036, NULL, 9000, '2024-06-03 11:30:00', 'card', 1, '2024-06-03 11:30:00', '2024-06-03 11:30:00');

-- Thanh toán thẻ tháng năm 2024
INSERT INTO payments (id, card_id, monthly_card_id, amount, payment_date, method, processed_by, created_at, updated_at) VALUES
(20005, NULL, 13, 60000, '2024-04-01 08:00:00', 'transfer', 1, '2024-04-01 08:00:00', '2024-04-01 08:00:00'),
(20006, NULL, 14, 60000, '2024-05-01 08:00:00', 'transfer', 1, '2024-05-01 08:00:00', '2024-05-01 08:00:00'),
(20007, NULL, 15, 60000, '2024-06-01 08:00:00', 'transfer', 1, '2024-06-01 08:00:00', '2024-06-01 08:00:00');

-- Thanh toán thẻ lượt năm 2025
INSERT INTO payments (id, card_id, monthly_card_id, amount, payment_date, method, processed_by, created_at, updated_at) VALUES
(30001, 3001, NULL, 6000, '2025-04-01 10:00:00', 'cash', 1, '2025-04-01 10:00:00', '2025-04-01 10:00:00'),
(30002, 3002, NULL, 6000, '2025-04-01 19:00:00', 'cash', 1, '2025-04-01 19:00:00', '2025-04-01 19:00:00'),
(30003, 3016, NULL, 9000, '2025-05-05 11:00:00', 'ewallet', 1, '2025-05-05 11:00:00', '2025-05-05 11:00:00'),
(30004, 3036, NULL, 9000, '2025-06-02 11:30:00', 'card', 1, '2025-06-02 11:30:00', '2025-06-02 11:30:00');

-- Thanh toán thẻ tháng năm 2025
INSERT INTO payments (id, card_id, monthly_card_id, amount, payment_date, method, processed_by, created_at, updated_at) VALUES
(30005, NULL, 16, 60000, '2025-04-01 08:00:00', 'transfer', 1, '2025-04-01 08:00:00', '2025-04-01 08:00:00'),
(30006, NULL, 17, 60000, '2025-05-01 08:00:00', 'transfer', 1, '2025-05-01 08:00:00', '2025-05-01 08:00:00'),
(30007, NULL, 18, 60000, '2025-06-01 08:00:00', 'transfer', 1, '2025-06-01 08:00:00', '2025-06-01 08:00:00');

SET IDENTITY_INSERT payments OFF;